{"nodes":{},"selection":[],"view":{"scroll":{"x":-411.18603515625,"y":-1107.5208740234375},"zoom":1}}