{"nodes":{"0":{"location":{"x":4,"y":-614},"size":{"x":184,"y":70}},"3":{"location":{"x":-28,"y":-416},"size":{"x":184,"y":70}}},"selection":[],"view":{"scroll":{"x":-185.87203979492188,"y":-577.6104736328125},"zoom":0.75}}