{"nodes":{},"selection":[],"view":{"scroll":{"x":-2183.76953125,"y":-913.2618408203125},"zoom":1}}