{"nodes":{},"selection":[],"view":{"scroll":{"x":-1081.240478515625,"y":-989.98828125},"zoom":1}}