{"nodes":{"20":{"location":{"x":-748,"y":-294},"size":{"x":184,"y":53}}},"selection":[],"view":{"scroll":{"x":-1056.4847412109375,"y":-572.36981201171875},"zoom":1}}