{"nodes":{"20":{"location":{"x":-588,"y":-278},"size":{"x":184,"y":53}}},"selection":[],"view":{"scroll":{"x":-626.46478271484375,"y":-335.80633544921875},"zoom":1}}