{"nodes":{"0":{"location":{"x":-1820,"y":-518},"size":{"x":184,"y":53}}},"selection":[],"view":{"scroll":{"x":-2183.76953125,"y":-913.2618408203125},"zoom":1}}