{"nodes":{},"selection":[],"view":{"scroll":{"x":-1990.76953125,"y":-800.2618408203125},"zoom":1}}