{"nodes":{"0":{"location":{"x":548,"y":170},"size":{"x":184,"y":53}},"3":{"location":{"x":276,"y":170},"size":{"x":184,"y":53}},"6":{"location":{"x":420,"y":282},"size":{"x":184,"y":53}}},"selection":[3,6,0],"view":{"scroll":{"x":67.278518676757813,"y":-67.36944580078125},"zoom":1}}