{"nodes":{"1":{"location":{"x":1252,"y":634},"size":{"x":57,"y":63}}},"selection":[],"view":{"scroll":{"x":1422.96044921875,"y":731.400390625},"zoom":1.25}}