{"nodes":{},"selection":[],"view":{"scroll":{"x":-923.99053955078125,"y":-647.9049072265625},"zoom":1}}